-- phpMyAdmin SQL Dump
-- version 5.2.1
-- https://www.phpmyadmin.net/
--
-- Servidor: 127.0.0.1
-- Tiempo de generación: 23-04-2026 a las 02:33:37
-- Versión del servidor: 10.4.32-MariaDB
-- Versión de PHP: 8.2.12

SET SQL_MODE = "NO_AUTO_VALUE_ON_ZERO";
START TRANSACTION;
SET time_zone = "+00:00";


/*!40101 SET @OLD_CHARACTER_SET_CLIENT=@@CHARACTER_SET_CLIENT */;
/*!40101 SET @OLD_CHARACTER_SET_RESULTS=@@CHARACTER_SET_RESULTS */;
/*!40101 SET @OLD_COLLATION_CONNECTION=@@COLLATION_CONNECTION */;
/*!40101 SET NAMES utf8mb4 */;

--
-- Base de datos: `control_asistencia`
--

-- --------------------------------------------------------

--
-- Estructura de tabla para la tabla `asistencia`
--

CREATE TABLE `asistencia` (
  `id_asistencia` int(11) NOT NULL,
  `id_empleado` int(11) DEFAULT NULL,
  `fech_ingr` datetime DEFAULT NULL,
  `fech_sali` datetime DEFAULT NULL,
  `horas_trab` time DEFAULT NULL,
  `horas_tard` time DEFAULT NULL,
  `latitud` varchar(50) DEFAULT NULL,
  `longitud` varchar(50) DEFAULT NULL
) ENGINE=InnoDB DEFAULT CHARSET=utf8mb4 COLLATE=utf8mb4_general_ci;

--
-- Volcado de datos para la tabla `asistencia`
--

INSERT INTO `asistencia` (`id_asistencia`, `id_empleado`, `fech_ingr`, `fech_sali`, `horas_trab`, `horas_tard`, `latitud`, `longitud`) VALUES
(43, 14, '2026-04-08 17:50:14', '2026-04-08 18:17:51', NULL, '09:50:14', NULL, NULL),
(44, 15, '2026-04-08 17:57:03', NULL, NULL, '09:57:03', NULL, NULL),
(45, 14, '2026-04-08 18:32:47', NULL, NULL, '10:32:47', NULL, NULL),
(47, 14, '2026-04-22 19:30:09', NULL, NULL, '11:30:09', NULL, NULL);

-- --------------------------------------------------------

--
-- Estructura de tabla para la tabla `cargo`
--

CREATE TABLE `cargo` (
  `pk_id_cargo` int(11) NOT NULL,
  `nomb_carg` varchar(100) NOT NULL
) ENGINE=InnoDB DEFAULT CHARSET=utf8mb4 COLLATE=utf8mb4_general_ci;

--
-- Volcado de datos para la tabla `cargo`
--

INSERT INTO `cargo` (`pk_id_cargo`, `nomb_carg`) VALUES
(1, 'MÉDICO INTERNISTA'),
(2, 'MÉDICO CARDIÓLOGO'),
(3, 'MÉDICO TRAUMATÓLOGO'),
(4, 'MÉDICO PEDIATRA'),
(5, 'MÉDICO GINECO-OBSTETRA'),
(6, 'MÉDICO RADIÓLOGO'),
(7, 'MÉDICO ANESTESIÓLOGO'),
(8, 'MÉDICO CIRUJANO'),
(9, 'LICENCIADO(A) EN ENFERMERÍA'),
(10, 'TÉCNICO(A) EN ENFERMERÍA'),
(11, 'OBSTETRA'),
(12, 'TECNÓLOGO MÉDICO (LABORATORIO)'),
(13, 'TECNÓLOGO MÉDICO (REHABILITACIÓN)'),
(14, 'QUÍMICO FARMACÉUTICO'),
(15, 'TÉCNICO EN FARMACIA'),
(16, 'NUTRICIONISTA'),
(17, 'PSICÓLOGO CLÍNICO'),
(18, 'INGENIERO BIOMÉDICO'),
(19, 'TÉCNICO EN MANTENIMIENTO'),
(20, 'TÉCNICO EN ELECTROMECÁNICA'),
(21, 'TÉCNICO EN EQUIPOS MÉDICOS'),
(22, 'OPERADOR DE PLANTA DE OXÍGENO'),
(23, 'ADMINISTRADOR DE HOSPITAL'),
(24, 'JEFE DE RECURSOS HUMANOS'),
(25, 'CONTADOR'),
(26, 'SECRETARIA EJECUTIVA'),
(27, 'PERSONAL DE ADMISIÓN'),
(28, 'CAJERO(A)'),
(29, 'PERSONAL DE ARCHIVO CLÍNICO'),
(30, 'TRABAJADOR(A) SOCIAL'),
(31, 'PERSONAL DE LIMPIEZA HOSPITALARIA'),
(32, 'PERSONAL DE SEGURIDAD Y VIGILANCIA'),
(33, 'CHOFER DE AMBULANCIA'),
(34, 'PERSONAL DE LAVANDERÍA'),
(35, 'PERSONAL DE COCINA');

-- --------------------------------------------------------

--
-- Estructura de tabla para la tabla `distrito`
--

CREATE TABLE `distrito` (
  `pk_id_distrito` int(11) NOT NULL,
  `nomb_dist` varchar(100) NOT NULL,
  `id_provincia` int(11) DEFAULT NULL,
  `obsv_dist` text DEFAULT NULL
) ENGINE=InnoDB DEFAULT CHARSET=utf8mb4 COLLATE=utf8mb4_general_ci;

--
-- Volcado de datos para la tabla `distrito`
--

INSERT INTO `distrito` (`pk_id_distrito`, `nomb_dist`, `id_provincia`, `obsv_dist`) VALUES
(1, 'HUACHO', 1, NULL),
(3, 'HUAURA', NULL, NULL);

-- --------------------------------------------------------

--
-- Estructura de tabla para la tabla `empleado`
--

CREATE TABLE `empleado` (
  `pk_id_empleado` int(11) NOT NULL,
  `nomb_empl` varchar(100) NOT NULL,
  `apat_empl` varchar(100) NOT NULL,
  `amat_empl` varchar(100) NOT NULL,
  `dni_empl` varchar(15) NOT NULL,
  `id_distrito` int(11) DEFAULT NULL,
  `dire_empl` varchar(255) DEFAULT NULL,
  `id_cargo` int(11) DEFAULT NULL,
  `id_grupo` int(11) DEFAULT NULL,
  `fnac_empl` date DEFAULT NULL,
  `celu_empl` varchar(15) DEFAULT NULL,
  `emai_empl` varchar(150) DEFAULT NULL,
  `foto_empl` longblob DEFAULT NULL,
  `rostro_embedding` longtext DEFAULT NULL,
  `obsv_empl` text DEFAULT NULL,
  `esta_empl` tinyint(1) DEFAULT 1,
  `creado_el` timestamp NOT NULL DEFAULT current_timestamp()
) ENGINE=InnoDB DEFAULT CHARSET=utf8mb4 COLLATE=utf8mb4_general_ci;

--
-- Volcado de datos para la tabla `empleado`
--

INSERT INTO `empleado` (`pk_id_empleado`, `nomb_empl`, `apat_empl`, `amat_empl`, `dni_empl`, `id_distrito`, `dire_empl`, `id_cargo`, `id_grupo`, `fnac_empl`, `celu_empl`, `emai_empl`, `foto_empl`, `rostro_embedding`, `obsv_empl`, `esta_empl`, `creado_el`) VALUES
(1, 'Administrador', '', '', '00000000', 1, NULL, 1, 1, NULL, NULL, NULL, NULL, NULL, NULL, 1, '2026-04-23 00:32:02'),
(5, 'edwin', '', '', '73323799', NULL, NULL, NULL, NULL, NULL, NULL, NULL, NULL, '[-0.11345206201076508,0.07110988348722458,0.004234204068779945,-0.00254199025221169,-0.14713141322135925,0.020535124465823174,-0.11585484445095062,-0.05852999910712242,0.12461243569850922,-0.07368627190589905,0.20854301750659943,-0.05751136690378189,-0.19003574550151825,-0.07189898937940598,-0.031343113631010056,0.09746592491865158,-0.10080219805240631,-0.07119154930114746,-0.0968620628118515,-0.07204780727624893,-0.029593022540211678,-0.002444464946165681,-0.012108543887734413,0.011595316231250763,-0.10235901176929474,-0.4123999774456024,-0.035499799996614456,-0.14753609895706177,0.06699814647436142,-0.07689660042524338,-0.08843710273504257,-0.00217068032361567,-0.11485714465379715,-0.1032225489616394,0.04114313796162605,0.0706801787018776,-0.04017983376979828,0.03143669292330742,0.1556333601474762,-0.04762062802910805,-0.19087208807468414,-0.0006165303057059646,0.060818906873464584,0.24764463305473328,0.2018492966890335,0.09372460842132568,0.04702719300985336,-0.06156516075134277,0.19516292214393616,-0.22805748879909515,0.07045245170593262,0.11367595195770264,0.14715582132339478,0.024290166795253754,0.15429630875587463,-0.09009793400764465,-0.045531220734119415,0.1700657308101654,-0.12021070718765259,0.06618967652320862,0.038876526057720184,-0.0036876415833830833,-0.102768175303936,-0.09533408284187317,0.2539098858833313,0.10966929793357849,-0.10077014565467834,-0.12005948275327682,0.21870045363903046,-0.1144721731543541,-0.06576734781265259,0.045194510370492935,-0.06363003700971603,-0.17197509109973907,-0.25262701511383057,0.06828999519348145,0.3912283182144165,0.16741447150707245,-0.21421809494495392,0.0167669877409935,-0.029007641598582268,-0.03291398286819458,0.05358660966157913,0.04483414068818092,-0.07730835676193237,-0.008554019033908844,-0.053958263248205185,-0.03320896625518799,0.17253196239471436,-0.0142228864133358,0.05187680199742317,0.14804299175739288,-0.0026430278085172176,0.05921247601509094,0.03571612760424614,0.06564681977033615,-0.19928906857967377,-0.03153901919722557,-0.16023650765419006,-0.10070978850126266,0.15727835893630981,-0.034640125930309296,0.05817655101418495,0.09979183971881866,-0.19274850189685822,0.21226312220096588,-0.06492278724908829,0.02640293352305889,0.06505502015352249,0.003492604708299041,0.03849661350250244,0.020194612443447113,0.17159618437290192,-0.19665636122226715,0.17242835462093353,0.09630072861909866,0.04792178049683571,0.14988476037979126,0.07697352766990662,-0.013338476419448853,0.011860912665724754,-0.007239331491291523,-0.222237691283226,-0.13627082109451294,0.010583198629319668,-0.10171875357627869,-0.007731535471975803,0.021581681445240974]', NULL, 0, '2026-04-23 00:32:02'),
(8, 'immanol', 'alvarado', '', '75664312', 1, NULL, 11, 7, NULL, NULL, NULL, NULL, '[-0.16335992515087128,0.09198285639286041,0.0008618977153673768,-0.011573621071875095,-0.0694861114025116,-0.011993128806352615,-0.02298198826611042,-0.09034179151058197,0.10766344517469406,-0.0836961418390274,0.17729860544204712,-0.04913436248898506,-0.19168567657470703,-0.07005850225687027,-0.0526454821228981,0.09534917771816254,-0.22076275944709778,-0.12443126738071442,-0.07190284878015518,0.0016368406359106302,0.057281143963336945,-0.025736968964338303,0.012381360866129398,0.10477394610643387,-0.13450419902801514,-0.3633178472518921,-0.08493401855230331,-0.1665174961090088,0.09008567035198212,-0.03480027988553047,-0.07074549049139023,-0.09220504760742188,-0.16064496338367462,-0.005890464875847101,-0.005282403435558081,0.042404454201459885,-0.015273839235305786,0.03223951905965805,0.1559910923242569,0.011965307407081127,-0.18021880090236664,0.04110375791788101,0.01464435737580061,0.29809048771858215,0.21416622400283813,0.16073578596115112,0.029146861284971237,-0.10264066606760025,0.09275030344724655,-0.16874949634075165,0.06232438609004021,0.1485036462545395,0.14807143807411194,0.028338275849819183,0.0652969479560852,-0.14633344113826752,-0.0064634839072823524,0.13064026832580566,-0.1277756690979004,0.11085614562034607,0.014796182513237,-0.00393557408824563,0.04725279286503792,-0.020020412281155586,0.298942893743515,0.035763807594776154,-0.13573145866394043,-0.08475727587938309,0.17571167647838593,-0.2052600234746933,-0.027245067059993744,0.044139228761196136,-0.07663241773843765,-0.17489126324653625,-0.2349092811346054,0.013201355002820492,0.4216610789299011,0.16694559156894684,-0.18018071353435516,0.001351466285996139,-0.1437254548072815,-0.02757859230041504,0.11137095093727112,0.08608376979827881,-0.12685060501098633,-0.04015791416168213,-0.12429869174957275,-0.040029484778642654,0.22149541974067688,-0.014639541506767273,0.06175193190574646,0.20098069310188293,0.010603553615510464,-0.01432512141764164,-0.004421147983521223,-0.05130104720592499,-0.1712658554315567,0.020561745390295982,-0.04755542799830437,-0.07676906138658524,-0.008599375374615192,-0.07771296054124832,0.04093042016029358,0.09610191732645035,-0.23438990116119385,0.10845144838094711,-0.00970956590026617,-0.015190220437943935,0.031208612024784088,0.06411571800708771,-0.0947648212313652,-0.07809515297412872,0.15153630077838898,-0.25400882959365845,0.19574052095413208,0.21069274842739105,0.087457075715065,0.12555107474327087,0.06841976195573807,0.051677167415618896,-0.02830950915813446,0.02592782862484455,-0.17062106728553772,-0.009428315795958042,0.06327660381793976,-0.11382400989532471,0.08676999062299728,-0.002197815105319023]', NULL, 1, '2026-04-23 00:32:02'),
(14, 'juan', 'perez', '', '45654557', 1, NULL, 3, 2, NULL, NULL, NULL, NULL, '[-0.13677358627319336,0.036100201308727264,-0.008021069690585136,-0.0167069248855114,-0.1209365651011467,0.0019749777857214212,-0.11359584331512451,-0.07394176721572876,0.16495837271213531,-0.05897000432014465,0.22478294372558594,-0.02777407504618168,-0.14801710844039917,-0.07833738625049591,-0.075158029794693,0.0652613714337349,-0.1206454411149025,-0.06733749061822891,-0.09712168574333191,-0.10368277132511139,-0.001716488040983677,0.04530956596136093,-0.018220005556941032,0.022045152261853218,-0.09538862854242325,-0.3372582793235779,-0.031670667231082916,-0.14643917977809906,0.10709889233112335,-0.0734667107462883,-0.022439347580075264,0.017939569428563118,-0.14051812887191772,-0.12560607492923737,0.05275990813970566,0.1282673329114914,-0.055535610765218735,0.013517745770514011,0.180264413356781,-0.06361747533082962,-0.1465287059545517,0.0308542400598526,0.06742142140865326,0.26387476921081543,0.1704111546278,0.10273627936840057,0.00016333938401658088,-0.09189094603061676,0.17391233146190643,-0.17795047163963318,0.08573275804519653,0.1456635296344757,0.17772948741912842,0.035169366747140884,0.14533652365207672,-0.12178962677717209,-0.02638476900756359,0.17165115475654602,-0.14347901940345764,0.038465384393930435,0.0052969204261898994,0.013514526188373566,-0.08645563572645187,-0.09082077443599701,0.22521193325519562,0.11073092371225357,-0.08300755172967911,-0.14316709339618683,0.2365608811378479,-0.10166275501251221,-0.08535443991422653,0.09630610793828964,-0.0676264688372612,-0.14558611810207367,-0.21114137768745422,0.05228651314973831,0.41286617517471313,0.102560855448246,-0.21421174705028534,0.026986008509993553,-0.03201955929398537,-0.0726662129163742,0.038197968155145645,0.028558814898133278,-0.06454537808895111,-0.05584316328167915,-0.04621538519859314,-0.049048397690057755,0.1515965461730957,0.011001293547451496,0.01819038763642311,0.10560650378465652,0.03653376176953316,0.0025928239338099957,0.04278049245476723,0.041617970913648605,-0.18410205841064453,0.016035672277212143,-0.15860919654369354,-0.1223975270986557,0.1458662748336792,-0.00479494733735919,0.04209364205598831,0.09108536690473557,-0.17897403240203857,0.2190585434436798,-0.006715469062328339,-0.00936959870159626,0.07994329929351807,0.003305901773273945,0.01796763949096203,0.01629195176064968,0.195557102560997,-0.23298706114292145,0.21984757483005524,0.06755480915307999,0.0554967075586319,0.18304318189620972,0.06189262121915817,0.033192530274391174,0.01619601994752884,0.01000034436583519,-0.2252359688282013,-0.14661286771297455,-0.011089295148849487,-0.08883526921272278,0.010571451857686043,0.03437966853380203]', NULL, 1, '2026-04-23 00:32:02'),
(15, 'Juan', 'estrada', '', '12345577', 1, NULL, 4, 2, NULL, NULL, NULL, NULL, '[-0.1500362604856491,0.06168366223573685,-0.0219825878739357,-0.05351635441184044,-0.087042436003685,-0.017546748742461205,-0.10471110790967941,-0.1431819349527359,0.15432637929916382,-0.08831371366977692,0.21493421494960785,-0.03258886560797691,-0.15820840001106262,-0.07155090570449829,-0.05022147297859192,0.1370728611946106,-0.18355348706245422,-0.07230115681886673,-0.07481279224157333,-0.05846844241023064,0.056897543370723724,0.002107409294694662,0.04291733354330063,0.07887908071279526,-0.19655925035476685,-0.2958707809448242,-0.08828195929527283,-0.09164506196975708,0.02126135490834713,-0.05675719305872917,-0.006516271736472845,-0.0435149148106575,-0.2120538204908371,-0.05341533571481705,0.019592441618442535,0.11531277000904083,-0.0275025125592947,-0.00312575651332736,0.10484936088323593,0.023414548486471176,-0.16008755564689636,-0.03776785731315613,0.041577067226171494,0.2031450718641281,0.22388136386871338,0.18045319616794586,-0.017726005986332893,-0.08283796161413193,0.08874253183603287,-0.19821065664291382,0.08590789884328842,0.06785890460014343,0.09185077250003815,0.05182164907455444,0.07668957859277725,-0.11719362437725067,0.008300325833261013,0.175469309091568,-0.1229056641459465,0.02225240133702755,0.016389217227697372,-0.03484058007597923,-0.023319004103541374,-0.049459826201200485,0.3151529133319855,0.14788392186164856,-0.13745781779289246,-0.0887966975569725,0.16742093861103058,-0.11172642558813095,-0.12394189834594727,0.025472478941082954,-0.0570203959941864,-0.1713656187057495,-0.301641583442688,0.034987837076187134,0.4316646158695221,0.12713535130023956,-0.20476315915584564,-0.009076778776943684,-0.010542514733970165,0.003375711850821972,0.1085600033402443,0.08077231049537659,-0.05704277753829956,-0.04989273101091385,-0.0398319847881794,-0.051992710679769516,0.1984366476535797,-0.006694663316011429,-0.028238162398338318,0.18316037952899933,-0.06506360322237015,0.041196923702955246,0.010240881703794003,0.011844119988381863,-0.13577918708324432,0.07241136580705643,-0.05463925376534462,-0.08281020820140839,0.12182716280221939,0.03382117673754692,0.05334203690290451,0.10493957251310349,-0.14374949038028717,0.16972246766090393,-0.01073838397860527,-0.005205143243074417,0.0687379539012909,0.03967989981174469,-0.1068599671125412,-0.036656901240348816,0.14106783270835876,-0.26559367775917053,0.27405986189842224,0.1501234918832779,0.009756754152476788,0.15894833207130432,0.10257700085639954,0.098470538854599,0.03165654465556145,0.08037801831960678,-0.16770845651626587,-0.07996085286140442,0.08407548069953918,-0.12493482977151871,0.12834683060646057,0.01520745363086462]', NULL, 1, '2026-04-23 00:32:02');

-- --------------------------------------------------------

--
-- Estructura de tabla para la tabla `grupo`
--

CREATE TABLE `grupo` (
  `pk_id_grupo` int(11) NOT NULL,
  `nomb_grup` varchar(100) NOT NULL
) ENGINE=InnoDB DEFAULT CHARSET=utf8mb4 COLLATE=utf8mb4_general_ci;

--
-- Volcado de datos para la tabla `grupo`
--

INSERT INTO `grupo` (`pk_id_grupo`, `nomb_grup`) VALUES
(1, 'BIOMEDICO GRUPO 1'),
(2, 'BIOMEDICO GRUPO 2'),
(3, 'BIOMEDICO GRUPO 3'),
(4, 'ELECTROMECANICOS'),
(5, 'MOBILIARIO CLINICO'),
(6, 'OXIGENO'),
(7, 'RAYOS X');

-- --------------------------------------------------------

--
-- Estructura de tabla para la tabla `login`
--

CREATE TABLE `login` (
  `pk_id_login` int(11) NOT NULL,
  `id_empleado` int(11) DEFAULT NULL,
  `usuario` varchar(50) NOT NULL,
  `clave` varchar(255) NOT NULL,
  `perfil` varchar(30) DEFAULT NULL
) ENGINE=InnoDB DEFAULT CHARSET=utf8mb4 COLLATE=utf8mb4_general_ci;

--
-- Volcado de datos para la tabla `login`
--

INSERT INTO `login` (`pk_id_login`, `id_empleado`, `usuario`, `clave`, `perfil`) VALUES
(2, 1, 'admin', 'admin123', 'Administrador');

-- --------------------------------------------------------

--
-- Estructura de tabla para la tabla `provincia`
--

CREATE TABLE `provincia` (
  `pk_id_provincia` int(11) NOT NULL,
  `nomb_prov` varchar(100) NOT NULL
) ENGINE=InnoDB DEFAULT CHARSET=utf8mb4 COLLATE=utf8mb4_general_ci;

--
-- Volcado de datos para la tabla `provincia`
--

INSERT INTO `provincia` (`pk_id_provincia`, `nomb_prov`) VALUES
(1, 'HUAURA');

--
-- Índices para tablas volcadas
--

--
-- Indices de la tabla `asistencia`
--
ALTER TABLE `asistencia`
  ADD PRIMARY KEY (`id_asistencia`),
  ADD KEY `id_empleado` (`id_empleado`);

--
-- Indices de la tabla `cargo`
--
ALTER TABLE `cargo`
  ADD PRIMARY KEY (`pk_id_cargo`);

--
-- Indices de la tabla `distrito`
--
ALTER TABLE `distrito`
  ADD PRIMARY KEY (`pk_id_distrito`),
  ADD KEY `id_provincia` (`id_provincia`);

--
-- Indices de la tabla `empleado`
--
ALTER TABLE `empleado`
  ADD PRIMARY KEY (`pk_id_empleado`),
  ADD UNIQUE KEY `dni_empl` (`dni_empl`),
  ADD UNIQUE KEY `dni_empl_2` (`dni_empl`),
  ADD KEY `id_distrito` (`id_distrito`),
  ADD KEY `id_cargo` (`id_cargo`),
  ADD KEY `id_grupo` (`id_grupo`);

--
-- Indices de la tabla `grupo`
--
ALTER TABLE `grupo`
  ADD PRIMARY KEY (`pk_id_grupo`);

--
-- Indices de la tabla `login`
--
ALTER TABLE `login`
  ADD PRIMARY KEY (`pk_id_login`),
  ADD UNIQUE KEY `usuario` (`usuario`),
  ADD KEY `id_empleado` (`id_empleado`);

--
-- Indices de la tabla `provincia`
--
ALTER TABLE `provincia`
  ADD PRIMARY KEY (`pk_id_provincia`);

--
-- AUTO_INCREMENT de las tablas volcadas
--

--
-- AUTO_INCREMENT de la tabla `asistencia`
--
ALTER TABLE `asistencia`
  MODIFY `id_asistencia` int(11) NOT NULL AUTO_INCREMENT, AUTO_INCREMENT=48;

--
-- AUTO_INCREMENT de la tabla `cargo`
--
ALTER TABLE `cargo`
  MODIFY `pk_id_cargo` int(11) NOT NULL AUTO_INCREMENT, AUTO_INCREMENT=36;

--
-- AUTO_INCREMENT de la tabla `distrito`
--
ALTER TABLE `distrito`
  MODIFY `pk_id_distrito` int(11) NOT NULL AUTO_INCREMENT, AUTO_INCREMENT=4;

--
-- AUTO_INCREMENT de la tabla `empleado`
--
ALTER TABLE `empleado`
  MODIFY `pk_id_empleado` int(11) NOT NULL AUTO_INCREMENT, AUTO_INCREMENT=16;

--
-- AUTO_INCREMENT de la tabla `grupo`
--
ALTER TABLE `grupo`
  MODIFY `pk_id_grupo` int(11) NOT NULL AUTO_INCREMENT, AUTO_INCREMENT=9;

--
-- AUTO_INCREMENT de la tabla `login`
--
ALTER TABLE `login`
  MODIFY `pk_id_login` int(11) NOT NULL AUTO_INCREMENT, AUTO_INCREMENT=3;

--
-- AUTO_INCREMENT de la tabla `provincia`
--
ALTER TABLE `provincia`
  MODIFY `pk_id_provincia` int(11) NOT NULL AUTO_INCREMENT, AUTO_INCREMENT=2;

--
-- Restricciones para tablas volcadas
--

--
-- Filtros para la tabla `asistencia`
--
ALTER TABLE `asistencia`
  ADD CONSTRAINT `asistencia_ibfk_1` FOREIGN KEY (`id_empleado`) REFERENCES `empleado` (`pk_id_empleado`);

--
-- Filtros para la tabla `distrito`
--
ALTER TABLE `distrito`
  ADD CONSTRAINT `distrito_ibfk_1` FOREIGN KEY (`id_provincia`) REFERENCES `provincia` (`pk_id_provincia`);

--
-- Filtros para la tabla `empleado`
--
ALTER TABLE `empleado`
  ADD CONSTRAINT `empleado_ibfk_1` FOREIGN KEY (`id_distrito`) REFERENCES `distrito` (`pk_id_distrito`),
  ADD CONSTRAINT `empleado_ibfk_2` FOREIGN KEY (`id_cargo`) REFERENCES `cargo` (`pk_id_cargo`),
  ADD CONSTRAINT `empleado_ibfk_3` FOREIGN KEY (`id_grupo`) REFERENCES `grupo` (`pk_id_grupo`);

--
-- Filtros para la tabla `login`
--
ALTER TABLE `login`
  ADD CONSTRAINT `login_ibfk_1` FOREIGN KEY (`id_empleado`) REFERENCES `empleado` (`pk_id_empleado`);
COMMIT;

/*!40101 SET CHARACTER_SET_CLIENT=@OLD_CHARACTER_SET_CLIENT */;
/*!40101 SET CHARACTER_SET_RESULTS=@OLD_CHARACTER_SET_RESULTS */;
/*!40101 SET COLLATION_CONNECTION=@OLD_COLLATION_CONNECTION */;
